Date,Name,SO,Volume,Price,Last_vol,Avg_price,Profit,G_profit,Remain_Money,Equity,coin,timeframe,Demo/Real
1649499000000,long,0,6893833.0,2.376e-05,6893833.0,2.376e-05,0.000%,0.0,836.13,999.934481011168,,,
1649501400000,tp_long,-1,6893833.0,2.387e-05,0.0,0.0,0.463%,0.0758376633479807,1000.61,1000.6928079566096,SHIBUSDT,10.0,real
1649502900000,short,0,6850584.0,2.391e-05,-6850584.0,2.391e-05,0.000%,0.0,836.13,999.934481014624,SHIBUSDT,15.0,real
1649502600000,short,0,6846740.0,2.394e-05,-6846740.0,2.394e-05,0.000%,0.0,836.63,1000.62724357436,SHIBUSDT,10.0,real
1649505600000,tp_short,-1,6846740.0,2.386e-05,0.0,0.0,0.334%,0.0547443057612321,1001.02,1001.1750300121524,SHIBUSDT,10.0,real
1649505600000,tp_short,-1,6850584.0,2.383e-05,0.0,0.0,0.335%,0.0548086476307568,1000.41,1000.482531580838,SHIBUSDT,15.0,real
1649506500000,short,0,6853890.0,2.391e-05,-6853890.0,2.391e-05,0.000%,0.0,836.46,1000.41698097684,SHIBUSDT,15.0,real
1649506800000,short,0,6844321.0,2.396e-05,-6844321.0,2.396e-05,0.000%,0.0,836.96,1001.109434039736,SHIBUSDT,10.0,real
1649508000000,short,1,7472126.0,2.414e-05,-14316447.0,2.405394668104453e-05,0.000%,0.0,656.51,1001.037283191044,SHIBUSDT,10.0,real
1649508300000,short,1,7476248.0,2.411e-05,-14330138.0,2.4014343000744304e-05,0.000%,0.0,656.13,1000.344880041088,SHIBUSDT,15.0,real
1649510100000,tp_short,-1,14330138.0,2.404e-05,0.0,0.0,-0.107%,-0.0368189467938901,999.75,999.9765635919624,SHIBUSDT,15.0,real
1649509800000,tp_short,-1,14316447.0,2.403e-05,0.0,0.0,0.099%,0.0341863479447809,1001.08,1001.3795012796888,SHIBUSDT,10.0,real
1649511000000,long,0,6.0,25.573,6.0,25.573,0.000%,0.0,846.5,999.9386248,WAVESUSDT,15.0,real
1649511000000,short,0,47.0,3.484,-47.0,3.484,0.000%,0.0,836.18,999.9345008,CELOUSDT,10.0,real
1649511000000,short,0,6785155.0,2.414e-05,-6785155.0,2.414e-05,0.000%,0.0,835.89,999.91104613532,SHIBUSDT,15.0,real
1649511000000,short,0,6791860.0,2.415e-05,-6791860.0,2.415e-05,0.000%,0.0,836.99,1001.3138919121,SHIBUSDT,10.0,real
1649513400000,long,0,3.0,51.37,3.0,51.37,0.000%,0.0,845.82,999.938356,AXSUSDT,10.0,real
1649512800000,long,1,7.0,25.327,13.0,25.44053846153846,0.000%,0.0,669.14,999.8677092,WAVESUSDT,15.0,real
1649513400000,tp_short,-1,6791860.0,2.411e-05,0.0,0.0,0.166%,0.0271399358733269,1001.21,1001.5856478602556,SHIBUSDT,10.0,real
1649513400000,tp_short,-1,47.0,3.472,0.0,0.0,0.344%,0.0564040610923987,1000.42,1000.4985044667152,CELOUSDT,10.0,real
1649512800000,tp_short,-1,6785155.0,2.407e-05,0.0,0.0,0.290%,0.0475111155357403,1000.09,1000.386115027684,SHIBUSDT,15.0,real
1649513700000,short,0,6779508.0,2.417e-05,-6779508.0,2.417e-05,0.000%,0.0,836.16,1000.320570744356,SHIBUSDT,15.0,real
1649514000000,long,0,47.0,3.446,47.0,3.446,0.000%,0.0,838.39,1000.4337196667,CELOUSDT,10.0,real
1649513700000,long,2,7.0,25.005,20.0,25.2143,0.000%,0.0,494.03,999.7976952,WAVESUSDT,15.0,real
1649514600000,tp_short,-1,6779508.0,2.408e-05,0.0,0.0,0.372%,0.0610143084937351,1000.56,1000.9309094233604,SHIBUSDT,15.0,real
1649515800000,long,1,3.0,51.06,6.0,51.215,0.000%,0.0,692.57,999.877084,AXSUSDT,10.0,real
1649515800000,tp_long,-1,47.0,3.474,0.0,0.0,0.813%,0.1315536931000289,1001.6,1001.7498271719396,CELOUSDT,10.0,real
1649516400000,short,0,6777592.0,2.419e-05,-6777592.0,2.419e-05,0.000%,0.0,836.54,1000.865329443208,SHIBUSDT,15.0,real
1649516400000,short,0,6779223.0,2.42e-05,-6779223.0,2.42e-05,0.000%,0.0,837.08,1001.52002498166,SHIBUSDT,10.0,real
1649517600000,tp_short,-1,6779223.0,2.411e-05,0.0,0.0,0.372%,0.0609437020292591,1001.68,1002.1303883614884,SHIBUSDT,10.0,real
1649517600000,long,0,47.0,3.447,47.0,3.447,0.000%,0.0,839.52,1001.6850235719,CELOUSDT,10.0,real
1649517300000,tp_short,-1,6777592.0,2.408e-05,0.0,0.0,0.455%,0.0745170023589265,1001.17,1001.6111442843508,SHIBUSDT,15.0,real
1649517300000,long,3,8.0,24.673,28.0,24.91014285714285,0.000%,0.0,296.56,999.7187416,WAVESUSDT,15.0,real
1649518200000,long,0,6833739.0,2.402e-05,6833739.0,2.402e-05,0.000%,0.0,837.46,1002.064729797188,SHIBUSDT,10.0,real
1649518200000,long,0,6844446.0,2.397e-05,6844446.0,2.397e-05,0.000%,0.0,837.04,1001.545519736152,SHIBUSDT,15.0,real
1649518200000,long,1,52.0,3.413,99.0,3.4291414141414145,0.000%,0.0,661.97,1001.6140331719,CELOUSDT,10.0,real
1649519100000,long,4,9.0,24.223,37.0,24.563540540540536,0.000%,0.0,78.46,999.6315388,WAVESUSDT,15.0,real
1649519400000,long,2,58.0,3.384,157.0,3.4022866242038217,0.000%,0.0,465.61,1001.5355243719,CELOUSDT,10.0,real
1649520000000,tp_long,-1,6833739.0,2.4e-05,0.0,0.0,-0.083%,-0.0136455576291253,1001.4,1001.9279924770144,SHIBUSDT,10.0,real
1649520000000,tp_long,-1,37.0,24.64,0.0,0.0,0.311%,0.2865358535967206,989.77,1002.4958415625229,WAVESUSDT,15.0,real
1649520600000,tp_long,-1,6.0,50.95,0.0,0.0,-0.517%,-0.1590222631168366,998.14,998.2870568326364,AXSUSDT,10.0,real
1649520900000,tp_long,-1,6844446.0,2.404e-05,0.0,0.0,0.292%,0.0478584121509378,1001.51,1002.0248435189146,SHIBUSDT,15.0,real
1649520600000,tp_long,-1,157.0,3.413,0.0,0.0,0.315%,0.1682388632375085,1001.23,1003.2204963530232,CELOUSDT,10.0,real
1649521200000,short,0,6812506.0,2.409e-05,-6812506.0,2.409e-05,0.000%,0.0,837.22,1001.862347169184,SHIBUSDT,10.0,real
1649521800000,short,0,6799053.0,2.414e-05,-6799053.0,2.414e-05,0.000%,0.0,837.31,1001.959191863132,SHIBUSDT,15.0,real
1649521800000,short,0,3.0,51.16,-3.0,51.16,0.000%,0.0,844.59,998.2256648326,AXSUSDT,10.0,real
1649523000000,tp_short,-1,3.0,50.92,0.0,0.0,0.469%,0.0721392287114114,998.72,998.9457771280096,AXSUSDT,10.0,real
1649523600000,tp_short,-1,6812506.0,2.402e-05,0.0,0.0,0.291%,0.0476240463096844,1001.74,1002.3394745573752,SHIBUSDT,10.0,real
1649523600000,tp_short,-1,6799053.0,2.402e-05,0.0,0.0,0.497%,0.0814713873149122,1002.18,1002.7755019170402,SHIBUSDT,15.0,real
1649524200000,short,0,6809650.0,2.411e-05,-6809650.0,2.411e-05,0.000%,0.0,837.49,1002.2738022928,SHIBUSDT,10.0,real
1649524800000,short,0,3.0,51.12,-3.0,51.12,0.000%,0.0,845.29,998.884433128,AXSUSDT,10.0,real
1649524800000,short,0,47.0,3.439,-47.0,3.439,0.000%,0.0,839.53,1003.155843153,CELOUSDT,10.0,real
1649525400000,short,0,1.0,83.55,-1.0,83.55,0.000%,0.0,916.41,999.96658,AVAXUSDT,15.0,real
1649525400000,short,0,1.0,83.55,-1.0,83.55,0.000%,0.0,916.41,999.96658,AVAXUSDT,10.0,real
1649525400000,short,0,6801329.0,2.415e-05,-6801329.0,2.415e-05,0.000%,0.0,837.86,1002.70980107886,SHIBUSDT,15.0,real
1649526000000,short,0,158.0,1.0337,-158.0,1.0337,0.000%,0.0,836.61,999.93467016,ADAUSDT,20.0,real
1649526000000,short,0,1.0,83.77,-1.0,83.77,0.000%,0.0,916.19,999.966492,AVAXUSDT,20.0,real
1649526000000,short,0,24.4,6.711,-24.4,6.711,0.000%,0.0,836.18,999.93450064,ALICEUSDT,20.0,real
1649525400000,long,0,6.0,24.33,6.0,24.33,0.000%,0.0,843.73,1002.4374495625,WAVESUSDT,15.0,real
1649526300000,short,0,158.0,1.0339,-158.0,1.0339,0.000%,0.0,836.57,999.93465752,ADAUSDT,15.0,real
1649526900000,short,0,1.0,83.76,-1.0,83.76,0.000%,0.0,916.2,999.966496,AVAXUSDT,25.0,real
1649526900000,short,0,158.0,1.0343,-158.0,1.0343,0.000%,0.0,836.51,999.93463224,ADAUSDT,25.0,real
1649527200000,short,0,2830.0,0.05786,-2830.0,0.05786,0.000%,0.0,836.19,999.93450248,PEOPLEUSDT,60.0,real
1649527200000,short,0,67.9,2.41,-67.9,2.41,0.000%,0.0,836.29,999.9345444,CRVUSDT,60.0,real
1649527800000,tp_short,-1,1.0,83.47,0.0,0.0,0.096%,0.0080003200128003,1000.0,1000.046580526421,AVAXUSDT,10.0,real
1649527200000,long,0,6.0,24.385,6.0,24.385,0.000%,0.0,853.63,999.941476,WAVESUSDT,60.0,real
1649528100000,long,0,9.0,16.389,9.0,16.389,0.000%,0.0,852.43,999.9409996,NEARUSDT,15.0,real
1649528100000,tp_short,-1,1.0,83.28,0.0,0.0,0.323%,0.0270010800432013,1000.19,1000.2365817766712,AVAXUSDT,15.0,real
1649527200000,long,0,10.0,16.297,10.0,16.297,0.000%,0.0,836.96,999.934812,NEARUSDT,20.0,real
1649527800000,tp_short,-1,3.0,51.03,0.0,0.0,0.176%,0.0270364992740188,998.85,999.154496510511,AXSUSDT,10.0,real
1649527800000,tp_short,-1,47.0,3.414,0.0,0.0,0.727%,0.1173635062422398,1002.27,1004.3331820235982,CELOUSDT,10.0,real
1649528400000,long,0,10.0,16.273,10.0,16.273,0.000%,0.0,837.2,999.934908,NEARUSDT,10.0,real
1649528100000,long,1,7.0,24.136,13.0,24.225538461538463,0.000%,0.0,674.71,1002.3698687625,WAVESUSDT,15.0,real
1649528400000,tp_short,-1,1.0,83.23,0.0,0.0,0.645%,0.0540021600864026,1000.46,1000.5064955058202,AVAXUSDT,20.0,real
1649528400000,long,0,1.0,83.21,1.0,83.21,0.000%,0.0,916.75,1000.0132965264,AVAXUSDT,10.0,real
1649528400000,long,0,3.0,50.88,3.0,50.88,0.000%,0.0,846.14,999.0934405105,AXSUSDT,10.0,real
1649528400000,tp_short,-1,24.4,6.654,0.0,0.0,0.849%,0.1390899588410539,1001.25,1001.3253091253775,ALICEUSDT,20.0,real
1649529000000,long,1,11.0,16.296,20.0,16.33785,0.000%,0.0,673.1,999.8692972,NEARUSDT,15.0,real
1649529000000,tp_long,-1,3.0,51.06,0.0,0.0,0.354%,0.0540659604717754,999.25,999.6336099751226,AXSUSDT,10.0,real
1649529600000,long,0,3.0,50.89,3.0,50.89,0.000%,0.0,846.51,999.5725419751,AXSUSDT,10.0,real
1649529600000,long,0,1.0,83.22,1.0,83.22,0.000%,0.0,916.74,999.966712,AVAXUSDT,5.0,real
1649528400000,tp_short,-1,1.0,83.1,0.0,0.0,0.788%,0.0660026401056053,1000.58,1000.6265002875316,AVAXUSDT,25.0,real
1649529000000,tp_short,-1,158.0,1.0291,0.0,0.0,0.464%,0.0758455974050906,1000.61,1000.6930639346566,ADAUSDT,15.0,real
1649529900000,long,2,8.0,23.839,21.0,24.02285714285714,0.000%,0.0,483.92,1002.2935839625,WAVESUSDT,15.0,real
1649529900000,long,0,10.0,16.207,10.0,16.207,0.000%,0.0,837.86,999.935172,NEARUSDT,25.0,real
1649529900000,tp_long,-1,1.0,83.15,0.0,0.0,-0.084%,-0.0070002800111997,999.85,999.8967115301411,AVAXUSDT,5.0,real
1649530800000,short,1,73.4,2.454,-141.3,2.4328563340410474,0.000%,0.0,656.09,999.86249496,CRVUSDT,60.0,real
1649530800000,long,1,7.0,23.805,13.0,24.072692307692307,0.000%,0.0,686.92,999.874822,WAVESUSDT,60.0,real
1649530800000,long,0,10.0,16.192,10.0,16.192,0.000%,0.0,838.01,999.935232,NEARUSDT,60.0,real
1649530800000,long,1,11.0,16.192,21.0,16.242,0.000%,0.0,658.77,999.8635672,NEARUSDT,20.0,real
1649529900000,tp_short,-1,158.0,1.0284,0.0,0.0,0.570%,0.093226581796675,1000.79,1000.8668371178384,ADAUSDT,25.0,real
1649530800000,tp_short,-1,158.0,1.0281,0.0,0.0,0.542%,0.0884857869704686,1000.75,1000.8194702220816,ADAUSDT,20.0,real
1649530800000,short,0,1.0,83.45,-1.0,83.45,0.000%,0.0,916.36,999.8633315301,AVAXUSDT,5.0,real
1649530800000,tp_long,-1,1.0,83.5,0.0,0.0,0.349%,0.0290011600464024,1000.21,1000.303311983011,AVAXUSDT,10.0,real
1649530800000,tp_long,-1,21.0,24.085,0.0,0.0,0.259%,0.1320315660763661,989.5,1003.6169278780886,WAVESUSDT,15.0,real
1649530800000,tp_long,-1,10.0,16.288,0.0,0.0,0.092%,0.0150010500735057,1000.01,1000.0849087362516,NEARUSDT,10.0,real
1649530800000,tp_long,-1,20.0,16.306,0.0,0.0,-0.195%,-0.0637091104027848,999.08,999.2322893655632,NEARUSDT,15.0,real
1649532000000,long,0,1.0,83.25,1.0,83.25,0.000%,0.0,916.92,1000.270011983,AVAXUSDT,10.0,real
1649532300000,tp_short,-1,1.0,83.16,0.0,0.0,0.348%,0.0290055110470995,1000.06,1000.1533469991828,AVAXUSDT,5.0,real
1649530800000,long,0,3.0,50.72,3.0,50.72,0.000%,0.0,847.77,999.939136,AXSUSDT,60.0,real
1649532600000,tp_short,-1,6801329.0,2.412e-05,0.0,0.0,0.124%,0.0203609826631965,1002.25,1002.91396264766,SHIBUSDT,15.0,real
1649532600000,tp_short,-1,6809650.0,2.413e-05,0.0,0.0,-0.083%,-0.0135965847093943,1001.46,1002.1375272862512,SHIBUSDT,10.0,real
1649532900000,long,0,1.0,82.94,1.0,82.94,0.000%,0.0,917.08,1000.1201709992,AVAXUSDT,5.0,real
1649533500000,tp_long,-1,1.0,83.22,0.0,0.0,0.338%,0.0279994400111998,1000.26,1000.4001990465188,AVAXUSDT,5.0,real
1649533200000,tp_long,-1,21.0,16.357,0.0,0.0,0.708%,0.2415357472905957,1002.12,1002.278595138923,NEARUSDT,20.0,real
1649533500000,short,0,6791020.0,2.419e-05,-6791020.0,2.419e-05,0.000%,0.0,837.9,1002.84825273818,SHIBUSDT,15.0,real
1649533200000,short,0,6785762.0,2.419e-05,-6785762.0,2.419e-05,0.000%,0.0,837.24,1002.071868253188,SHIBUSDT,10.0,real
1649533200000,tp_long,-1,1.0,83.3,0.0,0.0,0.060%,0.0049991501444751,1000.18,1000.3200169827492,AVAXUSDT,10.0,real
1649533200000,tp_long,-1,3.0,50.97,0.0,0.0,0.157%,0.0240196961508431,999.35,999.8126362624896,AXSUSDT,10.0,real
1649533200000,short,0,10.0,16.363,-10.0,16.363,0.000%,0.0,836.31,1000.0194567363,NEARUSDT,10.0,real
1649533500000,short,0,6.0,24.369,-6.0,24.369,0.000%,0.0,843.22,1003.5584422781,WAVESUSDT,15.0,real
1649533800000,long,0,3.0,50.81,3.0,50.81,0.000%,0.0,846.85,999.7516642625,AXSUSDT,10.0,real
1649534400000,tp_long,-1,13.0,24.263,0.0,0.0,0.791%,0.2474334034994514,1002.21,1002.3488463028086,WAVESUSDT,60.0,real
1649534400000,short,0,6762901.0,2.422e-05,-6762901.0,2.422e-05,0.000%,0.0,836.13,999.934481015112,SHIBUSDT,60.0,real
1649534400000,short,0,47.0,3.437,-47.0,3.437,0.000%,0.0,840.66,1004.2685664236,CELOUSDT,10.0,real
1649534400000,tp_long,-1,10.0,16.546,0.0,0.0,2.186%,0.3540247817347206,1003.4,1003.4752505225766,NEARUSDT,60.0,real
1649534400000,short,0,9.0,16.546,-9.0,16.546,0.000%,0.0,853.14,1002.2190295389,NEARUSDT,20.0,real
1649534400000,short,0,9.0,16.516,-9.0,16.516,0.000%,0.0,850.37,999.1728317656,NEARUSDT,15.0,real
1649534400000,short,1,10.0,16.55,-20.0,16.4565,0.000%,0.0,670.74,999.9532567363,NEARUSDT,10.0,real
1649534400000,tp_long,-1,10.0,16.517,0.0,0.0,1.913%,0.3100217015191051,1002.96,1003.0351880343223,NEARUSDT,25.0,real
1649535000000,short,0,1.0,83.43,-1.0,83.43,0.000%,0.0,916.79,1000.3668270465,AVAXUSDT,5.0,real
1649535000000,tp_long,-1,3.0,50.89,0.0,0.0,0.157%,0.0240172924505638,999.45,999.9917775434852,AXSUSDT,10.0,real
1649534400000,short,0,24.4,6.704,-24.4,6.704,0.000%,0.0,837.6,1001.2598780854,ALICEUSDT,20.0,real
1649534400000,short,0,24.3,6.718,-24.3,6.718,0.000%,0.0,836.68,999.93470104,ALICEUSDT,60.0,real
1649534400000,short,0,158.0,1.0342,-158.0,1.0342,0.000%,0.0,837.32,1000.8014756778,ADAUSDT,25.0,real
1649534400000,short,0,158.0,1.034,-158.0,1.034,0.000%,0.0,837.31,1000.7541214221,ADAUSDT,20.0,real
1649534400000,short,0,158.0,1.034,-158.0,1.034,0.000%,0.0,837.17,1000.6277151347,ADAUSDT,15.0,real
1649535000000,short,0,1.0,83.56,-1.0,83.56,0.000%,0.0,916.58,1000.2865929827,AVAXUSDT,10.0,real
1649535600000,tp_short,-1,1.0,83.38,0.0,0.0,0.060%,0.0049989002419479,1000.23,1000.4168343862376,AVAXUSDT,5.0,real
1649534400000,short,0,1485.0,0.1103,-1485.0,0.1103,0.000%,0.0,836.13,999.9344818,TLMUSDT,60.0,real
1649536800000,tp_short,-1,1.0,83.29,0.0,0.0,0.323%,0.0269962205291255,1000.37,1000.556632557265,AVAXUSDT,10.0,real
1649536800000,tp_short,-1,6785762.0,2.42e-05,0.0,0.0,-0.041%,-0.0067763592406054,1001.25,1002.003964263558,SHIBUSDT,10.0,real
1649536800000,long,0,3.0,50.73,3.0,50.73,0.000%,0.0,847.19,999.9309015435,AXSUSDT,10.0,real
1649536800000,tp_short,-1,47.0,3.427,0.0,0.0,0.291%,0.0468968737745687,1002.6,1004.7395369855532,CELOUSDT,10.0,real
1649537100000,tp_short,-1,6791020.0,2.417e-05,0.0,0.0,0.083%,0.0135525662340313,1002.24,1002.9841644118792,SHIBUSDT,15.0,real
1649537100000,long,0,1.0,83.14,1.0,83.14,0.000%,0.0,917.05,1000.3835783862,AVAXUSDT,5.0,real
1649536800000,tp_short,-1,24.4,6.659,0.0,0.0,0.671%,0.1096708516051496,1002.21,1002.3579683204772,ALICEUSDT,20.0,real
1649536800000,tp_short,-1,158.0,1.0293,0.0,0.0,0.455%,0.0742093891965667,1001.35,1001.4967749429668,ADAUSDT,20.0,real
1649536800000,tp_short,-1,20.0,16.421,0.0,0.0,0.216%,0.0710092312000539,1000.44,1000.6633158562682,NEARUSDT,10.0,real
1649537100000,tp_short,-1,158.0,1.0292,0.0,0.0,0.464%,0.0757989169869952,1001.23,1001.3861801058438,ADAUSDT,15.0,real
1649537400000,tp_short,-1,158.0,1.0285,0.0,0.0,0.551%,0.089994879705046,1001.55,1001.7021457619226,ADAUSDT,25.0,real
1649537400000,long,0,1.0,83.0,1.0,83.0,0.000%,0.0,917.33,1000.5234325573,AVAXUSDT,10.0,real
1649537100000,tp_short,-1,6.0,24.065,0.0,0.0,1.247%,0.1843478190561463,991.2,1005.4084803793934,WAVESUSDT,15.0,real
1649537100000,long,0,1.0,82.82,1.0,82.82,0.000%,0.0,917.33,1000.2034537767,AVAXUSDT,15.0,real
1649538000000,long,0,1.0,109.58,1.0,109.58,0.000%,0.0,890.37,999.956168,SOLUSDT,60.0,real
1649538000000,long,0,1.0,82.75,1.0,82.75,0.000%,0.0,917.67,1000.4733955058,AVAXUSDT,20.0,real
1649538000000,tp_short,-1,1485.0,0.109,0.0,0.0,1.179%,0.1930643832965549,1001.79,1001.8649991406568,TLMUSDT,60.0,real
1649538600000,tp_long,-1,1.0,83.06,0.0,0.0,-0.096%,-0.0079984802887449,1000.07,1000.303562902871,AVAXUSDT,5.0,real
1649538600000,short,0,9.0,16.559,-9.0,16.559,0.000%,0.0,851.34,1000.6037034563,NEARUSDT,10.0,real
1649538900000,short,1,10.0,16.63,-19.0,16.575999999999997,0.000%,0.0,684.0,999.1063117656,NEARUSDT,15.0,real
1649538600000,tp_long,-1,1.0,83.16,0.0,0.0,0.193%,0.0159947217418248,1000.45,1000.6834634962994,AVAXUSDT,10.0,real
1649538900000,short,0,6777486.0,2.424e-05,-6777486.0,2.424e-05,0.000%,0.0,837.88,1002.918449907644,SHIBUSDT,15.0,real
1649539800000,short,0,6756925.0,2.429e-05,-6756925.0,2.429e-05,0.000%,0.0,837.05,1001.9383139803,SHIBUSDT,10.0,real
1649539200000,tp_long,-1,1.0,83.24,0.0,0.0,0.592%,0.0489794286399707,1000.87,1000.9634216586136,AVAXUSDT,20.0,real
1649539800000,tp_long,-1,1.0,83.27,0.0,0.0,0.543%,0.0449932510123484,1000.56,1000.653477827292,AVAXUSDT,15.0,real
1649539800000,short,0,1.0,83.29,-1.0,83.29,0.000%,0.0,916.74,1000.2702469029,AVAXUSDT,5.0,real
1649538900000,short,0,9.0,16.697,-9.0,16.697,0.000%,0.0,852.62,1002.9750788343,NEARUSDT,25.0,real
1649539800000,short,1,10.0,16.744,-19.0,16.656368421052633,0.000%,0.0,683.83,1000.5367274563,NEARUSDT,10.0,real
1649539200000,short,1,10.0,16.743,-19.0,16.649684210526313,0.000%,0.0,685.64,1002.1520575389,NEARUSDT,20.0,real
1649538000000,short,0,9.0,16.75,-9.0,16.75,0.000%,0.0,852.58,1003.4149505226,NEARUSDT,60.0,real
1649538000000,short,1,7383828.0,2.44e-05,-14146729.0,2.4313950272179527e-05,0.000%,0.0,655.89,999.86241485382,SHIBUSDT,60.0,real
1649538000000,short,0,1.0,95.771,-1.0,95.771,0.000%,0.0,904.19,999.9616916,LUNAUSDT,60.0,real
1649540400000,short,0,24.4,6.709,-24.4,6.709,0.000%,0.0,838.44,1002.2924884805,ALICEUSDT,20.0,real
1649540400000,tp_long,-1,3.0,50.74,0.0,0.0,0.020%,0.0030018611539169,999.34,999.9609180807996,AXSUSDT,10.0,real
1649538000000,short,0,103.0,1.5799,-103.0,1.5799,0.000%,0.0,837.2,999.93490812,C98USDT,60.0,real
1649539800000,short,0,6.0,24.32,-6.0,24.32,0.000%,0.0,845.22,1005.3501123794,WAVESUSDT,15.0,real
1649540400000,short,0,47.0,3.446,-47.0,3.446,0.000%,0.0,840.57,1004.6747521856,CELOUSDT,10.0,real
1649539800000,short,1,7381661.0,2.448e-05,-14159147.0,2.436512043557425e-05,0.000%,0.0,657.1,1002.846168683088,SHIBUSDT,15.0,real
1649540700000,tp_short,-1,14159147.0,2.436e-05,0.0,0.0,0.021%,0.0072061111690683,1002.02,1002.91843489287,SHIBUSDT,15.0,real
1649540400000,short,0,1.0,83.49,-1.0,83.49,0.000%,0.0,916.92,1000.6500674963,AVAXUSDT,10.0,real
1649538000000,short,1,3089.0,0.05832,-5919.0,0.0581000642000337,0.000%,0.0,655.96,999.862442288,PEOPLEUSDT,60.0,real
1649541000000,short,0,3.0,50.89,-3.0,50.89,0.000%,0.0,846.6,999.8998500808,AXSUSDT,10.0,real
1649541600000,short,0,158.0,1.034,-158.0,1.034,0.000%,0.0,837.79,1001.3208313058,ADAUSDT,15.0,real
1649540400000,short,0,158.0,1.034,-158.0,1.034,0.000%,0.0,838.11,1001.6367969619,ADAUSDT,25.0,real
1649541600000,tp_short,-1,19.0,16.615,0.0,0.0,0.248%,0.0785763486090039,1000.96,1001.3229126832272,NEARUSDT,10.0,real
1649542200000,short,0,9.0,16.767,-9.0,16.767,0.000%,0.0,849.99,1001.2625514832,NEARUSDT,10.0,real
1649541600000,short,2,11.0,16.832,-30.0,16.704066666666666,0.000%,0.0,498.77,999.0322509656,NEARUSDT,15.0,real
1649542200000,tp_short,-1,6756925.0,2.428e-05,0.0,0.0,0.041%,0.0067489901565925,1001.17,1002.0059346984856,SHIBUSDT,10.0,real
1649541600000,tp_long,-1,3.0,51.13,0.0,0.0,0.808%,0.1230086106027433,1001.09,1001.1691472380668,AXSUSDT,60.0,real
1649541600000,short,2,11.0,16.887,-30.0,16.7958,0.000%,0.0,499.8,1002.0777547389,NEARUSDT,20.0,real
1649541600000,short,1,10.0,16.887,-19.0,16.822105263157894,0.000%,0.0,683.64,1003.3474025226,NEARUSDT,60.0,real
1649541900000,short,1,10.0,16.91,-19.0,16.809105263157893,0.000%,0.0,683.45,1002.9074388343,NEARUSDT,25.0,real
1649541600000,tp_long,-1,1.0,110.83,0.0,0.0,1.141%,0.1250062503125156,1001.15,1001.2061757103857,SOLUSDT,60.0,real
1649542800000,short,0,6734757.0,2.437e-05,-6734757.0,2.437e-05,0.000%,0.0,836.97,1001.940284287264,SHIBUSDT,10.0,real
1649542800000,short,1,10.0,16.922,-19.0,16.84857894736842,0.000%,0.0,680.7,1001.1948634832,NEARUSDT,10.0,real
1649542800000,short,1,3.0,51.16,-6.0,51.025,0.000%,0.0,693.05,999.8384580808,AXSUSDT,10.0,real
1649542800000,short,1,52.0,3.473,-99.0,3.4601818181818182,0.000%,0.0,659.9,1004.6025137856,CELOUSDT,10.0,real
1649542800000,short,0,158.0,1.0353,-158.0,1.0353,0.000%,0.0,837.7,1001.431343983,ADAUSDT,20.0,real
1649542800000,short,0,1.0,83.74,-1.0,83.74,0.000%,0.0,917.09,1000.9299256586,AVAXUSDT,20.0,real
1649541900000,short,0,1.0,83.73,-1.0,83.73,0.000%,0.0,916.81,1000.5930082875,AVAXUSDT,25.0,real
1649542500000,short,0,1.0,83.73,-1.0,83.73,0.000%,0.0,916.79,1000.6199858273,AVAXUSDT,15.0,real
1649541600000,short,1,113.0,1.5912,-216.0,1.585811574074074,0.000%,0.0,657.32,999.86298588,C98USDT,60.0,real
1649541600000,short,0,1487.0,0.1103,-1487.0,0.1103,0.000%,0.0,837.7,1001.7993927007,TLMUSDT,60.0,real
1649541600000,short,0,46.0,3.488,-46.0,3.488,0.000%,0.0,839.48,999.9358208,CELOUSDT,60.0,real
1649543700000,short,1,2.0,83.75,-3.0,83.59666666666668,0.000%,0.0,749.17,1000.2032469029,AVAXUSDT,5.0,real
1649544000000,short,1,2.0,83.93,-3.0,83.78333333333335,0.000%,0.0,748.99,1000.5829234963,AVAXUSDT,10.0,real
1649543400000,short,1,7.0,24.585,-13.0,24.462692307692308,0.000%,0.0,673.05,1005.2812743794,WAVESUSDT,15.0,real
1649544000000,tp_short,-1,3.0,83.71,0.0,0.0,-0.136%,-0.0340013600443956,999.51,999.8631641957448,AVAXUSDT,5.0,real
1649544000000,tp_short,-1,6.0,51.08,0.0,0.0,-0.108%,-0.0330264211369093,998.74,999.5082472209456,AXSUSDT,10.0,real
1649544300000,short,3,12.0,17.032,-42.0,16.889142857142858,0.000%,0.0,294.3,998.9504973656,NEARUSDT,15.0,real
1649544600000,long,0,1.0,83.47,1.0,83.47,0.000%,0.0,916.0,999.8297761957,AVAXUSDT,5.0,real
1649544000000,tp_short,-1,1.0,83.45,0.0,0.0,0.346%,0.0289759499615311,1001.08,1001.219954613009,AVAXUSDT,20.0,real
1649545200000,tp_short,-1,3.0,83.66,0.0,0.0,0.147%,0.0369874242657564,1000.6,1000.9530133473444,AVAXUSDT,10.0,real
1649545200000,tp_short,-1,42.0,16.862,0.0,0.0,0.161%,0.1135860921006023,1004.5,1000.085166197577,NEARUSDT,15.0,real
1649545200000,tp_short,-1,19.0,16.868,0.0,0.0,-0.115%,-0.0368696562129117,1000.32,1000.8257263790124,NEARUSDT,10.0,real
1649545500000,tp_long,-1,1.0,83.78,0.0,0.0,0.371%,0.0310164387125178,999.74,1000.1398877854632,AVAXUSDT,5.0,real
1649545200000,tp_short,-1,13.0,24.35,0.0,0.0,0.461%,0.1478207786673755,992.4,1006.7672889869848,WAVESUSDT,15.0,real
1649545200000,tp_short,-1,30.0,16.796,0.0,0.0,-0.001%,-0.0005978036693175,1003.46,1002.0717642813128,NEARUSDT,20.0,real
1649545800000,tp_short,-1,6734757.0,2.434e-05,0.0,0.0,0.123%,0.0201821507958098,1001.23,1002.1424973863589,SHIBUSDT,10.0,real
1649545800000,long,0,1.0,83.49,1.0,83.49,0.000%,0.0,916.21,1000.1064917855,AVAXUSDT,5.0,real
1649545800000,tp_short,-1,99.0,3.465,0.0,0.0,-0.139%,-0.0475830407058564,1001.84,1004.1244933625331,CELOUSDT,10.0,real
1649546100000,tp_short,-1,158.0,1.0331,0.0,0.0,0.087%,0.0142034955381865,1001.23,1001.4630538653972,ADAUSDT,15.0,real
1649546700000,tp_long,-1,1.0,83.71,0.0,0.0,0.264%,0.022006601980594,999.88,1000.3265812405292,AVAXUSDT,5.0,real
1649545200000,short,1,1621.0,0.1113,-3108.0,0.1108215572715572,0.000%,0.0,657.21,1001.7272257807,TLMUSDT,60.0,real
1649546400000,short,0,3.0,51.33,-3.0,51.33,0.000%,0.0,844.68,999.4466512209,AXSUSDT,10.0,real
1649546400000,short,0,1.0,83.94,-1.0,83.94,0.000%,0.0,917.1,1001.186378613,AVAXUSDT,20.0,real
1649545200000,short,1,26.5,6.782,-50.8,6.751385826771655,0.000%,0.0,656.88,999.86281184,ALICEUSDT,60.0,real
1649547000000,short,0,6721884.0,2.442e-05,-6721884.0,2.442e-05,0.000%,0.0,837.01,1002.076838023488,SHIBUSDT,10.0,real
1649547000000,short,0,1.0,83.95,-1.0,83.95,0.000%,0.0,915.89,1000.2930012405,AVAXUSDT,5.0,real
1649545200000,short,0,1.0,112.17,-1.0,112.17,0.000%,0.0,888.93,1001.1613077104,SOLUSDT,60.0,real
1649545200000,short,2,3366.0,0.05887,-9285.0,0.0585193861066235,0.000%,0.0,457.72,999.78317972,PEOPLEUSDT,60.0,real
1649547000000,short,0,158.0,1.0366,-158.0,1.0366,0.000%,0.0,837.38,1001.3975407454,ADAUSDT,15.0,real
1649547000000,short,0,1.0,84.02,-1.0,84.02,0.000%,0.0,916.54,1000.9194053473,AVAXUSDT,10.0,real
1649546400000,short,1,26.5,6.791,-50.9,6.751691552062868,0.000%,0.0,658.4,1002.2205038805,ALICEUSDT,20.0,real
1649547000000,short,0,47.0,3.481,-47.0,3.481,0.000%,0.0,838.16,1004.0590505625,CELOUSDT,10.0,real
1649547000000,short,0,6.0,24.531,-6.0,24.531,0.000%,0.0,845.15,1006.708414587,WAVESUSDT,15.0,real
1649547000000,short,0,6691466.0,2.455e-05,-6691466.0,2.455e-05,0.000%,0.0,837.67,1002.85272469678,SHIBUSDT,15.0,real
1649546400000,short,1,2.0,84.25,-3.0,84.07666666666667,0.000%,0.0,748.24,1000.5256082875,AVAXUSDT,25.0,real
1649545200000,short,0,3.0,51.67,-3.0,51.67,0.000%,0.0,846.01,1001.1071432381,AXSUSDT,60.0,real
1649545200000,short,2,80.1,2.473,-221.4,2.460873983739838,0.000%,0.0,457.92,999.78326004,CRVUSDT,60.0,real
1649546400000,short,0,9.0,17.072,-9.0,17.072,0.000%,0.0,849.75,1002.0103050813,NEARUSDT,20.0,real
1649547000000,short,0,9.0,17.047,-9.0,17.047,0.000%,0.0,851.01,1000.0237969976,NEARUSDT,15.0,real
1649547000000,short,0,9.0,17.068,-9.0,17.068,0.000%,0.0,846.64,1000.764281579,NEARUSDT,10.0,real
1649546400000,short,2,11.0,17.068,-30.0,16.967933333333335,0.000%,0.0,495.62,1002.8323396343,NEARUSDT,25.0,real
1649546400000,short,1,173.0,1.0426,-331.0,1.0384948640483385,0.000%,0.0,657.66,1001.5646490419,ADAUSDT,25.0,real
1649545200000,short,0,156.0,1.0444,-156.0,1.0444,0.000%,0.0,837.0,999.93482944,ADAUSDT,60.0,real
1649547000000,short,1,3.0,51.75,-6.0,51.54,0.000%,0.0,689.36,999.3845512209,AXSUSDT,10.0,real
1649545200000,short,0,1.0,84.44,-1.0,84.44,0.000%,0.0,915.52,999.966224,AVAXUSDT,60.0,real
1649547600000,short,1,10.0,17.184,-19.0,17.129052631578947,0.000%,0.0,674.73,1000.695545579,NEARUSDT,10.0,real
1649547600000,short,1,172.0,1.0438,-330.0,1.039730303030303,0.000%,0.0,658.09,1001.359530543,ADAUSDT,20.0,real
1649547600000,short,1,51.0,3.503,-98.0,3.4924489795918365,0.000%,0.0,659.43,1003.9875893625,CELOUSDT,10.0,real
1649547600000,short,1,10.0,17.184,-19.0,17.13094736842105,0.000%,0.0,677.84,1001.9415690813,NEARUSDT,20.0,real
1649547600000,short,1,2.0,84.42,-3.0,84.26333333333334,0.000%,0.0,746.98,1000.2254652405,AVAXUSDT,5.0,real
1649547600000,short,1,2.0,84.42,-3.0,84.26,0.000%,0.0,748.19,1001.118842613,AVAXUSDT,20.0,real
1649547600000,short,1,7336506.0,2.461e-05,-14058390.0,2.4519153326945687e-05,0.000%,0.0,656.38,1002.004617458436,SHIBUSDT,10.0,real
1649547900000,short,1,10.0,17.28,-19.0,17.16963157894737,0.000%,0.0,678.14,999.9546769976,NEARUSDT,15.0,real
1649547900000,short,1,7.0,24.673,-13.0,24.60746153846153,0.000%,0.0,672.36,1006.639330187,WAVESUSDT,15.0,real
1649547900000,short,1,2.0,84.35,-3.0,84.14333333333333,0.000%,0.0,748.02,1000.5525058273,AVAXUSDT,15.0,real
1649545200000,short,2,11.0,17.35,-30.0,17.056766666666668,0.000%,0.0,492.71,1003.2710625226,NEARUSDT,60.0,real
1649547600000,tp_short,-1,6.0,51.51,0.0,0.0,0.058%,0.0180252353294619,998.65,999.5646926381038,AXSUSDT,10.0,real
1649545200000,short,1,1.0,96.447,-2.0,96.109,0.000%,0.0,807.7,999.9231128,LUNAUSDT,60.0,real
1649548200000,short,1,2.0,84.52,-3.0,84.35333333333334,0.000%,0.0,747.43,1000.8517893473,AVAXUSDT,10.0,real
1649541600000,short,0,0.05,3269.62,-0.05,3269.62,0.000%,0.0,836.45,999.9346076,ETHUSDT,120.0,real
1649548200000,short,2,11.0,17.377,-30.0,17.25476666666667,0.000%,0.0,483.5,1000.619086779,NEARUSDT,10.0,real
1649545200000,short,1,51.0,3.516,-97.0,3.502721649484536,0.000%,0.0,660.09,999.8640944,CELOUSDT,60.0,real
1649548200000,short,2,56.0,3.546,-154.0,3.518636363636364,0.000%,0.0,460.77,1003.9081589625,CELOUSDT,10.0,real
1649548800000,short,2,2.0,97.349,-4.0,96.898,0.000%,0.0,612.92,999.8452336,LUNAUSDT,60.0,real
1649548800000,short,2,11.0,17.539,-30.0,17.37496666666667,0.000%,0.0,485.13,999.8775053976,NEARUSDT,15.0,real
1649548800000,short,1,1.0,112.89,-2.0,112.53,0.000%,0.0,775.99,1001.1161517104,SOLUSDT,60.0,real
1649548800000,short,3,12.0,17.539,-42.0,17.202571428571428,0.000%,0.0,285.06,1002.7481524343,NEARUSDT,25.0,real
1649548800000,short,2,11.0,17.539,-30.0,17.31416666666667,0.000%,0.0,484.83,1001.8643974813,NEARUSDT,20.0,real
1649548800000,short,3,12.0,17.539,-42.0,17.404000000000003,0.000%,0.0,282.15,1003.1868753226,NEARUSDT,60.0,real
1649548800000,short,1,172.0,1.044,-330.0,1.04045696969697,0.000%,0.0,657.74,1001.3257135454,ADAUSDT,15.0,real
1649548800000,tp_short,-1,14058390.0,2.451e-05,0.0,0.0,0.038%,0.0129197593090036,1001.07,1002.1340740432408,SHIBUSDT,10.0,real
1649548800000,tp_short,-1,331.0,1.0397,0.0,0.0,-0.116%,-0.0398341620722461,1000.86,1001.1656841563424,ADAUSDT,25.0,real
1649548800000,tp_short,-1,3.0,84.26,0.0,0.0,0.004%,0.0010002300429074,999.67,1000.2354697961,AVAXUSDT,5.0,real
1649548800000,short,2,55.0,3.565,-152.0,3.5337302631578944,0.000%,0.0,463.93,999.7856644,CELOUSDT,60.0,real
1649548800000,short,0,6.0,24.823,-6.0,24.823,0.000%,0.0,853.21,1002.2892711028,WAVESUSDT,60.0,real
1649548800000,short,2,7.0,24.991,-20.0,24.7843,0.000%,0.0,497.35,1006.569355387,WAVESUSDT,15.0,real
1649549100000,short,0,1.0,84.56,-1.0,84.56,0.000%,0.0,915.07,1000.2016457961,AVAXUSDT,5.0,real
1649549400000,short,3,12.0,17.59,-42.0,17.43785714285714,0.000%,0.0,272.33,1000.534654779,NEARUSDT,10.0,real
1649549400000,tp_short,-1,154.0,3.515,0.0,0.0,0.103%,0.055852548711715,1002.98,1004.4688672560056,CELOUSDT,10.0,real
1649549700000,tp_short,-1,1.0,84.44,0.0,0.0,0.142%,0.0120044416434085,999.71,1000.321714418986,AVAXUSDT,5.0,real
1649549700000,tp_short,-1,330.0,1.0394,0.0,0.0,0.102%,0.0348419944524098,1001.3,1001.674595394964,ADAUSDT,15.0,real
1649549700000,tp_short,-1,20.0,24.839,0.0,0.0,-0.221%,-0.1101672044115155,991.74,1005.4604460677072,WAVESUSDT,15.0,real
1649550000000,tp_short,-1,42.0,17.304,0.0,0.0,0.768%,0.5595588822547585,1010.05,1006.1332353098528,NEARUSDT,10.0,real
1649549700000,tp_short,-1,30.0,17.25,0.0,0.0,0.719%,0.3725236715985027,1009.92,1003.6022857921946,NEARUSDT,15.0,real
1649550000000,tp_short,-1,3.0,84.24,0.0,0.0,0.134%,0.0339833481494117,1000.72,1001.1919122953336,AVAXUSDT,10.0,real
1649550000000,tp_short,-1,330.0,1.0386,0.0,0.0,0.109%,0.0372552554385926,1001.43,1001.7325895939624,ADAUSDT,20.0,real
1649550000000,long,0,3.0,51.19,3.0,51.19,0.000%,0.0,845.01,999.5032646381,AXSUSDT,10.0,real
1649548800000,short,0,58.7,2.789,-58.7,2.789,0.000%,0.0,836.22,999.93451428,ANCUSDT,60.0,real
1649550000000,tp_short,-1,30.0,17.206,0.0,0.0,0.625%,0.323125102787319,1007.29,1005.1016728454508,NEARUSDT,20.0,real
1649548800000,tp_short,-1,3.0,51.13,0.0,0.0,1.045%,0.1618349283730592,1002.57,1002.7272842662968,AXSUSDT,60.0,real
1649550600000,long,0,47.0,3.485,47.0,3.485,0.000%,0.0,839.11,1004.403349256,CELOUSDT,10.0,real
1649550600000,tp_short,-1,3.0,84.13,0.0,0.0,0.016%,0.0039982007996438,1000.38,1000.5925099255888,AVAXUSDT,15.0,real
1649550900000,long,0,1.0,84.13,1.0,84.13,0.000%,0.0,915.54,1000.288062419,AVAXUSDT,5.0,real
1649551200000,short,0,6659108.0,2.465e-05,-6659108.0,2.465e-05,0.000%,0.0,836.85,1002.06841523832,SHIBUSDT,10.0,real
1649551500000,short,0,157.0,1.0447,-157.0,1.0447,0.000%,0.0,837.21,1001.608988235,ADAUSDT,15.0,real
1649551200000,short,0,157.0,1.0449,-157.0,1.0449,0.000%,0.0,837.31,1001.666969874,ADAUSDT,20.0,real
1649551500000,short,1,7294760.0,2.477e-05,-13986226.0,2.466474483538304e-05,0.000%,0.0,656.9,1002.78044821472,SHIBUSDT,15.0,real
1649548800000,short,2,7955346.0,2.491e-05,-22102075.0,2.4583567672266065e-05,0.000%,0.0,457.64,999.783147786256,SHIBUSDT,60.0,real
1649551800000,short,1,7280238.0,2.48e-05,-13939346.0,2.472834196094996e-05,0.000%,0.0,656.22,1001.99619527734,SHIBUSDT,10.0,real
1649551500000,short,0,6.0,25.166,-6.0,25.166,0.000%,0.0,840.68,1005.4000476677,WAVESUSDT,15.0,real
1649551800000,tp_short,-1,3.0,84.0,0.0,0.0,0.091%,0.0229891950883081,1000.59,1000.7556210714978,AVAXUSDT,25.0,real
1649548800000,tp_short,-1,221.4,2.44,0.0,0.0,0.848%,0.4608791249350574,1007.16,1004.3910523801196,CRVUSDT,60.0,real
1649551200000,tp_short,-1,3.0,83.86,0.0,0.0,0.475%,0.119883712798587,1002.06,1002.3190210510506,AVAXUSDT,20.0,real
1649551200000,tp_short,-1,50.9,6.783,0.0,0.0,-0.464%,-0.1590322185051423,1000.32,1000.6266503788656,ALICEUSDT,20.0,real
1649551800000,long,0,1.0,83.8,1.0,83.8,0.000%,0.0,916.88,1001.1583922953,AVAXUSDT,10.0,real
1649551800000,tp_short,-1,42.0,17.164,0.0,0.0,0.224%,0.1607831929158093,1008.89,1004.3604029306882,NEARUSDT,25.0,real
1649552400000,short,1,7.0,25.258,-13.0,25.057230769230767,0.000%,0.0,676.33,1002.2185487028,WAVESUSDT,60.0,real
1649552400000,tp_short,-1,157.0,1.0395,0.0,0.0,0.498%,0.0815398771848027,1001.97,1002.4256989738788,ADAUSDT,15.0,real
1649552400000,tp_short,-1,157.0,1.0384,0.0,0.0,0.622%,0.1019114717364678,1002.31,1002.6877834248966,ADAUSDT,20.0,real
1649552400000,tp_short,-1,2.0,111.55,0.0,0.0,0.871%,0.1957944158633442,1002.92,1003.076281231755,SOLUSDT,60.0,real
1649552400000,tp_short,-1,4.0,95.993,0.0,0.0,0.934%,0.3618147508475665,1003.97,1003.462821140811,LUNAUSDT,60.0,real
1649552400000,short,1,7.0,25.514,-13.0,25.353384615384616,0.000%,0.0,662.01,1005.3286084677,WAVESUSDT,15.0,real
1649553000000,tp_long,-1,47.0,3.504,0.0,0.0,0.545%,0.089041334922052,1003.73,1005.2976834061792,CELOUSDT,10.0,real
1649553000000,short,2,7930934.0,2.504e-05,-21870280.0,2.4887032455002865e-05,0.000%,0.0,457.54,1001.916759042356,SHIBUSDT,10.0,real
1649553000000,tp_long,-1,1.0,84.07,0.0,0.0,-0.071%,-0.0060019806536159,999.57,1000.2280253230132,AVAXUSDT,5.0,real
1649552400000,tp_short,-1,42.0,17.16,0.0,0.0,1.402%,1.0115307397558813,1023.07,1013.3344189436848,NEARUSDT,60.0,real
1649553000000,tp_long,-1,3.0,51.32,0.0,0.0,0.254%,0.0390554587514277,998.9,999.89362522334,AXSUSDT,10.0,real
1649553300000,short,2,7946662.0,2.501e-05,-21932888.0,2.485695612178387e-05,0.000%,0.0,458.07,1002.700949808052,SHIBUSDT,15.0,real
1649553300000,short,0,157.0,1.0444,-157.0,1.0444,0.000%,0.0,837.93,1002.3601106539,ADAUSDT,15.0,real
1649553300000,short,0,1.0,84.28,-1.0,84.28,0.000%,0.0,915.25,1000.194313323,AVAXUSDT,5.0,real
1649553000000,tp_long,-1,1.0,84.28,0.0,0.0,0.573%,0.0479673821801179,1001.12,1001.6386217675606,AVAXUSDT,10.0,real
1649553300000,short,0,157.0,1.0444,-157.0,1.0444,0.000%,0.0,836.82,1001.1000958363,ADAUSDT,25.0,real
1649553600000,short,0,157.0,1.0458,-157.0,1.0458,0.000%,0.0,838.05,1002.6221071849,ADAUSDT,20.0,real
1649553600000,short,0,24.0,6.827,-24.0,6.827,0.000%,0.0,836.4,1000.5611111789,ALICEUSDT,20.0,real
1649552400000,short,0,214.4,0.7638,-214.4,0.7638,0.000%,0.0,836.17,999.934496512,XRPUSDT,60.0,real
1649554200000,tp_short,-1,21932888.0,2.481e-05,0.0,0.0,0.189%,0.1027500403253106,1004.06,1003.73122543837,SHIBUSDT,15.0,real
1649554200000,tp_short,-1,21870280.0,2.478e-05,0.0,0.0,0.430%,0.2335855485904424,1003.94,1004.2570918004288,SHIBUSDT,10.0,real
1649554200000,short,0,46.0,3.531,-46.0,3.531,0.000%,0.0,841.23,1005.2327130062,CELOUSDT,10.0,real
1649553600000,short,0,1.0,84.49,-1.0,84.49,0.000%,0.0,917.53,1002.2852250511,AVAXUSDT,20.0,real
1649553300000,short,0,1.0,84.49,-1.0,84.49,0.000%,0.0,916.06,1000.7218250715,AVAXUSDT,25.0,real
1649554200000,short,0,3.0,51.61,-3.0,51.61,0.000%,0.0,844.0,999.8316932233,AXSUSDT,10.0,real
1649554200000,short,0,1.0,84.57,-1.0,84.57,0.000%,0.0,915.77,1000.5586819256,AVAXUSDT,15.0,real
1649552400000,short,1,64.1,2.809,-122.8,2.799439739413681,0.000%,0.0,656.09,999.86249152,ANCUSDT,60.0,real
1649555100000,short,2,7.0,25.85,-20.0,25.6316,0.000%,0.0,480.98,1005.2562284677,WAVESUSDT,15.0,real
1649556000000,short,2,7.0,25.848,-20.0,25.4645,0.000%,0.0,495.32,1002.1461743028,WAVESUSDT,60.0,real
1649556000000,short,0,6598266.0,2.493e-05,-6598266.0,2.493e-05,0.000%,0.0,839.37,1004.191293891848,SHIBUSDT,10.0,real
1649556600000,short,1,51.0,3.55,-97.0,3.5409896907216494,0.000%,0.0,660.1,1005.1602930062,CELOUSDT,10.0,real
1649556600000,tp_short,-1,1.0,84.41,0.0,0.0,-0.154%,-0.0130061128730498,999.36,1000.0642269216594,AVAXUSDT,5.0,real
1649557200000,short,2,55.0,3.59,-152.0,3.564473684210526,0.000%,0.0,462.57,1005.0813130062,CELOUSDT,10.0,real
1649556000000,short,3,60.0,3.613,-212.0,3.578584905660377,0.000%,0.0,247.06,999.6989524,CELOUSDT,60.0,real
1649557800000,short,1,171.0,1.0497,-328.0,1.0471631097560976,0.000%,0.0,657.24,1001.0282963563,ADAUSDT,25.0,real
1649557800000,tp_short,-1,20.0,25.479,0.0,0.0,0.595%,0.3071621518258629,996.46,1008.3439951304248,WAVESUSDT,15.0,real
1649558400000,short,1,171.0,1.053,-328.0,1.0495536585365854,0.000%,0.0,657.91,1002.5500819849,ADAUSDT,20.0,real
1649558700000,short,1,171.0,1.0536,-328.0,1.049196341463415,0.000%,0.0,657.69,1002.2880444139,ADAUSDT,15.0,real
1649558400000,short,3,60.0,3.642,-212.0,3.604716981132075,0.000%,0.0,243.96,1004.9939050062,CELOUSDT,10.0,real
1649556000000,short,2,69.7,2.841,-192.5,2.820586493506493,0.000%,0.0,457.99,999.78328444,ANCUSDT,60.0,real
1649556000000,short,0,1.0,113.15,-1.0,113.15,0.000%,0.0,889.72,1003.0310212318,SOLUSDT,60.0,real
1649556000000,short,0,3.0,51.76,-3.0,51.76,0.000%,0.0,847.22,1002.6651722663,AXSUSDT,60.0,real
1649558700000,short,0,6576345.0,2.5e-05,-6576345.0,2.5e-05,0.000%,0.0,839.58,1003.6654619884,SHIBUSDT,15.0,real
1649559600000,short,1,171.0,1.0522,-327.0,1.0484788990825689,0.000%,0.0,657.0,999.86285896,ADAUSDT,60.0,real
1649559600000,tp_short,-1,6598266.0,2.489e-05,0.0,0.0,0.160%,0.0262914535428089,1004.06,1004.4553103793144,SHIBUSDT,10.0,real
1649559600000,short,0,66.5,2.473,-66.5,2.473,0.000%,0.0,842.63,1004.3252705801,CRVUSDT,60.0,real
1649560200000,short,0,1.0,84.54,-1.0,84.54,0.000%,0.0,916.54,1001.6048057676,AVAXUSDT,10.0,real
1649560200000,short,0,1.0,84.63,-1.0,84.63,0.000%,0.0,914.69,1000.0303749217,AVAXUSDT,5.0,real
1649560200000,short,0,6586359.0,2.498e-05,-6586359.0,2.498e-05,0.000%,0.0,839.46,1004.389499480172,SHIBUSDT,10.0,real
1649559600000,tp_short,-1,192.5,2.821,0.0,0.0,-0.015%,-0.0079524222618397,1000.65,999.703777451518,ANCUSDT,60.0,real
1649560800000,short,1,3.0,51.97,-6.0,51.79,0.000%,0.0,688.02,999.7693292233,AXSUSDT,10.0,real
1649560800000,short,4,65.0,3.704,-277.0,3.656548736462093,0.000%,0.0,3.1,1004.8976010062,CELOUSDT,10.0,real
1649561400000,tp_short,-1,1.0,84.57,0.0,0.0,0.071%,0.0060040827762881,999.34,1000.0904175731982,AVAXUSDT,5.0,real
1649561400000,tp_short,-1,6.0,51.82,0.0,0.0,-0.058%,-0.0180223477111625,998.45,999.5891473184778,AXSUSDT,10.0,real
1649561400000,tp_short,-1,6586359.0,2.49e-05,0.0,0.0,0.320%,0.052481614795817,1004.44,1004.9166193083668,SHIBUSDT,10.0,real
1649561400000,long,0,9.0,17.197,9.0,17.197,0.000%,0.0,855.21,1006.0713261099,NEARUSDT,10.0,real
1649560800000,tp_short,-1,24.0,6.808,0.0,0.0,0.278%,0.0455886940038873,1000.63,1001.0172539221973,ALICEUSDT,20.0,real
1649561400000,short,0,6.0,25.808,-6.0,25.808,0.000%,0.0,841.55,1008.2820559304,WAVESUSDT,15.0,real
1649562000000,short,0,3.0,52.02,-3.0,52.02,0.000%,0.0,842.32,999.5267233185,AXSUSDT,10.0,real
1649562300000,tp_short,-1,6576345.0,2.485e-05,0.0,0.0,0.600%,0.0982532795130026,1004.9,1004.651596220143,SHIBUSDT,15.0,real
1649562000000,long,0,6631861.0,2.482e-05,6631861.0,2.482e-05,0.000%,0.0,839.77,1004.850778192392,SHIBUSDT,10.0,real
1649562000000,tp_short,-1,1.0,84.43,0.0,0.0,0.130%,0.010988132816558,1001.15,1001.7148634339547,AVAXUSDT,10.0,real
1649562300000,long,0,1.0,84.43,1.0,84.43,0.000%,0.0,914.87,1000.0566455732,AVAXUSDT,5.0,real
1649562600000,tp_short,-1,3.0,51.78,0.0,0.0,0.461%,0.0721168292634073,999.03,1000.2475502989976,AXSUSDT,10.0,real
1649559600000,tp_short,-1,22102075.0,2.477e-05,0.0,0.0,-0.758%,-0.4115758061061264,996.64,995.6682822364852,SHIBUSDT,60.0,real
1649563200000,short,4,64.0,3.737,-276.0,3.641753623188406,0.000%,0.0,7.79,999.6032852,CELOUSDT,60.0,real
1649563200000,long,1,10.0,17.056,19.0,17.122789473684207,0.000%,0.0,684.58,1006.0031021099,NEARUSDT,10.0,real
1649563200000,tp_short,-1,1.0,84.36,0.0,0.0,0.248%,0.0209928624267742,1000.51,1000.7687278331958,AVAXUSDT,15.0,real
1649563200000,long,0,3.0,51.56,3.0,51.56,0.000%,0.0,844.28,1000.185678299,AXSUSDT,10.0,real
1649563200000,tp_short,-1,328.0,1.0506,0.0,0.0,-0.134%,-0.0459560646429814,1001.22,1001.8274322723004,ADAUSDT,15.0,real
1649562300000,tp_short,-1,328.0,1.0495,0.0,0.0,-0.223%,-0.0765956539424265,999.8,1000.2615521865572,ADAUSDT,25.0,real
1649563200000,long,0,9.0,17.045,9.0,17.045,0.000%,0.0,856.45,1003.5409237922,NEARUSDT,15.0,real
1649562300000,tp_short,-1,1.0,84.32,0.0,0.0,0.201%,0.0169906551396733,1000.68,1000.8918542657052,AVAXUSDT,25.0,real
1649563200000,long,0,9.0,16.919,9.0,16.919,0.000%,0.0,854.95,1005.0407644455,NEARUSDT,20.0,real
1649563200000,tp_short,-1,1.0,84.3,0.0,0.0,0.225%,0.0189616973713097,1002.17,1002.4752753422716,AVAXUSDT,20.0,real
1649563200000,tp_short,-1,277.0,3.697,0.0,0.0,-1.106%,-1.1028934085641038,1004.34,993.814651601884,CELOUSDT,10.0,real
1649563200000,long,0,6651552.0,2.474e-05,6651552.0,2.474e-05,0.000%,0.0,840.27,1004.585772461508,SHIBUSDT,15.0,real
1649562300000,long,0,9.0,16.884,9.0,16.884,0.000%,0.0,856.87,1004.2996205307,NEARUSDT,25.0,real
1649563800000,long,2,11.0,16.883,30.0,16.99256666666667,0.000%,0.0,498.79,1005.9288169099,NEARUSDT,10.0,real
1649563800000,long,0,1.0,84.15,1.0,84.15,0.000%,0.0,916.96,1001.681203434,AVAXUSDT,10.0,real
1649563200000,tp_short,-1,328.0,1.0489,0.0,0.0,0.062%,0.0213937113663477,1002.24,1002.764564655743,ADAUSDT,20.0,real
1649563200000,long,0,24.1,6.777,24.1,6.777,0.000%,0.0,837.23,1000.9519236422,ALICEUSDT,20.0,real
1649564100000,long,1,10.0,16.884,19.0,16.960263157894737,0.000%,0.0,687.54,1003.4733877922,NEARUSDT,15.0,real
1649564700000,tp_long,-1,1.0,84.33,0.0,0.0,-0.118%,-0.0100070049034332,999.16,999.9565698556404,AVAXUSDT,5.0,real
1649565000000,long,0,156.0,1.0468,156.0,1.0468,0.000%,0.0,837.85,1001.7621119523,ADAUSDT,15.0,real
1649565600000,long,0,1.0,84.17,1.0,84.17,0.000%,0.0,914.95,999.9229018556,AVAXUSDT,5.0,real
1649565000000,tp_short,-1,6.0,25.481,0.0,0.0,1.267%,0.1969092671803826,998.29,1010.267456737844,WAVESUSDT,15.0,real
1649565900000,long,0,1.0,84.05,1.0,84.05,0.000%,0.0,916.42,1000.7351078332,AVAXUSDT,15.0,real
1649565600000,long,1,3.0,51.27,6.0,51.415,0.000%,0.0,690.4,1000.124154299,AXSUSDT,10.0,real
1649563200000,tp_short,-1,3.0,51.2,0.0,0.0,1.082%,0.1675810473815447,1004.11,1004.345449063714,AXSUSDT,60.0,real
1649563200000,long,0,6637686.0,2.457e-05,6637686.0,2.457e-05,0.000%,0.0,833.48,995.603047058492,SHIBUSDT,60.0,real
1649566800000,long,1,7362799.0,2.459e-05,13994660.0,2.4698993575406618e-05,0.000%,0.0,658.64,1004.778357701436,SHIBUSDT,10.0,real
1649566800000,long,1,7360857.0,2.459e-05,14012409.0,2.4661203516825693e-05,0.000%,0.0,659.19,1004.513371072048,SHIBUSDT,15.0,real
1649566800000,tp_short,-1,216.0,1.5814,0.0,0.0,0.278%,0.0953037910180298,1000.67,1000.8158932105296,C98USDT,60.0,real
1649567100000,tp_long,-1,1.0,84.2,0.0,0.0,0.036%,0.0030026423252463,999.11,999.9529259638708,AVAXUSDT,5.0,real
1649566800000,tp_long,-1,1.0,84.21,0.0,0.0,0.071%,0.0059933473844021,1001.13,1001.7412376682062,AVAXUSDT,10.0,real
1649567400000,short,0,1.0,84.28,-1.0,84.28,0.000%,0.0,914.79,999.9192139639,AVAXUSDT,5.0,real
1649566800000,tp_short,-1,9285.0,0.05828,0.0,0.0,0.409%,0.2220318646887785,1003.07,1002.0030169567772,PEOPLEUSDT,60.0,real
1649567700000,tp_short,-1,1.0,84.14,0.0,0.0,0.166%,0.0140130321198715,999.17,1000.0593329645257,AVAXUSDT,5.0,real
1649568000000,tp_long,-1,30.0,17.025,0.0,0.0,0.191%,0.0964735113283488,1009.33,1006.8992717610367,NEARUSDT,10.0,real
1649568000000,long,0,44.0,3.67,44.0,3.67,0.000%,0.0,842.79,993.7500596019,CELOUSDT,10.0,real
1649566800000,long,0,156.0,1.0454,156.0,1.0454,0.000%,0.0,836.65,1000.1963192266,ADAUSDT,25.0,real
1649568000000,long,0,1.0,83.94,1.0,83.94,0.000%,0.0,915.19,1000.0257569645,AVAXUSDT,5.0,real
1649568000000,long,0,1.0,83.94,1.0,83.94,0.000%,0.0,917.15,1001.7076616682,AVAXUSDT,10.0,real
1649568000000,long,0,157.0,1.045,157.0,1.045,0.000%,0.0,838.1,1002.6989386557,ADAUSDT,20.0,real
1649568000000,long,0,1.0,83.9,1.0,83.9,0.000%,0.0,918.23,1002.4417153423,AVAXUSDT,20.0,real
1649566800000,long,0,1.0,83.9,1.0,83.9,0.000%,0.0,916.74,1000.8582942657,AVAXUSDT,25.0,real
1649566800000,tp_short,-1,50.8,6.749,0.0,0.0,0.035%,0.0121218135672938,999.83,999.98401334598,ALICEUSDT,60.0,real
1649566800000,tp_short,-1,276.0,3.643,0.0,0.0,-0.034%,-0.0339614218777544,1012.16,999.2638057112092,CELOUSDT,60.0,real
1649566800000,tp_short,-1,3108.0,0.1104,0.0,0.0,0.380%,0.130805043819424,1002.81,1003.0375355173336,TLMUSDT,60.0,real
1649568600000,long,0,9.0,16.878,9.0,16.878,0.000%,0.0,857.36,1006.838510961,NEARUSDT,10.0,real
1649568600000,long,1,2.0,83.6,3.0,83.75,0.000%,0.0,749.15,1000.6682278332,AVAXUSDT,15.0,real
1649568600000,long,1,49.0,3.638,93.0,3.653139784946237,0.000%,0.0,664.45,993.6787548019,CELOUSDT,10.0,real
1649568600000,short,0,6.0,25.761,-6.0,25.761,0.000%,0.0,843.66,1010.2056303378,WAVESUSDT,15.0,real
1649569200000,tp_long,-1,6.0,51.3,0.0,0.0,-0.224%,-0.0690766751093725,998.07,999.4333017862446,AXSUSDT,10.0,real
1649569200000,tp_long,-1,13994660.0,2.464e-05,0.0,0.0,-0.239%,-0.0822154520239984,1003.33,1003.9522746327764,SHIBUSDT,10.0,real
1649568600000,tp_long,-1,14012409.0,2.467e-05,0.0,0.0,0.036%,0.0122725904962401,1004.73,1004.6366508845116,SHIBUSDT,15.0,real
1649566800000,tp_short,-1,327.0,1.0415,0.0,0.0,0.666%,0.2282436436817755,1001.99,1002.144982381111,ADAUSDT,60.0,real
1649569500000,long,2,11.0,16.733,30.0,16.828633333333336,0.000%,0.0,503.4,1003.3997625922,NEARUSDT,15.0,real
1649569800000,long,1,10.0,16.732,19.0,16.801157894736843,0.000%,0.0,689.97,1006.771582961,NEARUSDT,10.0,real
1649569800000,long,1,10.0,16.745,19.0,16.810842105263163,0.000%,0.0,689.35,1004.2326405307,NEARUSDT,25.0,real
1649569200000,long,1,10.0,16.734,19.0,16.821631578947372,0.000%,0.0,687.54,1004.9738284455,NEARUSDT,20.0,real
1649566800000,long,0,9.0,16.704,9.0,16.704,0.000%,0.0,872.67,1013.2742845437,NEARUSDT,60.0,real
1649566800000,tp_short,-1,1.0,83.52,0.0,0.0,1.090%,0.092003680147206,1000.84,1000.8862297263092,AVAXUSDT,60.0,real
1649569800000,long,0,3.0,51.02,3.0,51.02,0.000%,0.0,844.94,999.3720777862,AXSUSDT,10.0,real
1649570100000,long,1,2.0,83.49,3.0,83.64,0.000%,0.0,748.14,999.9589649645,AVAXUSDT,5.0,real
1649566800000,tp_short,-1,1.0,111.75,0.0,0.0,1.237%,0.1395993498658854,1004.22,1004.4312460163928,SOLUSDT,60.0,real
1649570400000,long,1,2.0,83.44,3.0,83.60666666666667,0.000%,0.0,750.2,1001.6409096682,AVAXUSDT,10.0,real
1649570400000,long,1,2.0,83.44,3.0,83.59333333333333,0.000%,0.0,751.28,1002.3749633423,AVAXUSDT,20.0,real
1649570400000,long,1,173.0,1.0394,330.0,1.0420642424242426,0.000%,0.0,658.21,1002.6270121757,ADAUSDT,20.0,real
1649570400000,long,1,173.0,1.0394,329.0,1.0429088145896654,0.000%,0.0,657.96,1001.6901854723,ADAUSDT,15.0,real
1649570400000,long,1,26.8,6.714,50.900000000000006,6.743829076620824,0.000%,0.0,657.22,1000.8799495622,ALICEUSDT,20.0,real
1649570400000,long,0,58.9,2.777,58.9,2.777,0.000%,0.0,837.01,999.6383513315,ANCUSDT,60.0,real
1649570400000,long,0,1.0,94.593,1.0,94.593,0.000%,0.0,909.33,1003.4249839408,LUNAUSDT,60.0,real
1649570400000,short,1,6.0,26.068,-12.0,25.914500000000004,0.000%,0.0,687.18,1010.1430671378,WAVESUSDT,15.0,real
1649570400000,short,3,8.0,26.099,-28.0,25.91971428571429,0.000%,0.0,286.44,1002.0626575028,WAVESUSDT,60.0,real
1649571300000,long,1,2.0,83.38,3.0,83.55333333333333,0.000%,0.0,749.91,1000.7915902657,AVAXUSDT,25.0,real
1649571300000,long,1,173.0,1.0385,329.0,1.0417717325227962,0.000%,0.0,656.91,1000.1244550266,ADAUSDT,25.0,real
1649570400000,tp_short,-1,66.5,2.44,0.0,0.0,1.334%,0.217906243219908,1009.21,1006.5137580469292,CRVUSDT,60.0,real
1649571900000,tp_long,-1,3.0,83.52,0.0,0.0,-0.143%,-0.0360338718395305,998.59,999.5986410326168,AVAXUSDT,5.0,real
1649572200000,tp_long,-1,3.0,83.67,0.0,0.0,-0.096%,-0.0239904038384641,1000.05,1000.4281634842596,AVAXUSDT,15.0,real
1649572500000,short,0,1.0,83.74,-1.0,83.74,0.000%,0.0,914.81,999.5651450326,AVAXUSDT,5.0,real
1649572200000,tp_long,-1,3.0,83.74,0.0,0.0,0.159%,0.0399592415636015,1001.31,1002.041157778894,AVAXUSDT,10.0,real
1649571600000,tp_long,-1,50.9,6.746,0.0,0.0,0.032%,0.0110446887152109,1000.45,1000.990493637042,ALICEUSDT,20.0,real
1649571600000,tp_long,-1,3.0,83.79,0.0,0.0,0.235%,0.0588787098676818,1002.54,1002.9651487887523,AVAXUSDT,20.0,real
1649572200000,tp_long,-1,3.0,51.22,0.0,0.0,0.392%,0.0601202404809606,998.53,999.9729026826648,AXSUSDT,10.0,real
1649572200000,tp_long,-1,329.0,1.0418,0.0,0.0,-0.106%,-0.0364407536481972,1000.57,1001.325162019494,ADAUSDT,15.0,real
1649572200000,short,0,6649609.0,2.473e-05,-6649609.0,2.473e-05,0.000%,0.0,838.81,1003.886496700572,SHIBUSDT,10.0,real
1649572200000,tp_long,-1,19.0,16.832,0.0,0.0,0.184%,0.0580662550535873,1009.65,1007.3561775161692,NEARUSDT,10.0,real
1649571600000,tp_long,-1,330.0,1.043,0.0,0.0,0.090%,0.030815559302632,1002.26,1002.935977297221,ADAUSDT,20.0,real
1649572800000,tp_long,-1,329.0,1.0428,0.0,0.0,0.099%,0.0338417472207127,999.85,1000.4629146165628,ADAUSDT,25.0,real
1649572800000,tp_long,-1,3.0,83.72,0.0,0.0,0.199%,0.0499715162457436,1000.96,1001.2917009978156,AVAXUSDT,25.0,real
1649572800000,tp_short,-1,1.0,83.66,0.0,0.0,0.096%,0.0080116168444242,998.59,999.6452263621304,AVAXUSDT,5.0,real
1649573100000,tp_long,-1,30.0,16.841,0.0,0.0,0.073%,0.0367961011010438,1008.42,1003.768974583291,NEARUSDT,15.0,real
1649572800000,short,0,24.1,6.785,-24.1,6.785,0.000%,0.0,836.86,1000.925086237,ALICEUSDT,20.0,real
1649573400000,tp_long,-1,93.0,3.635,0.0,0.0,-0.497%,-0.1679957613391906,1002.36,992.0094166125048,CELOUSDT,10.0,real
1649574000000,tp_short,-1,12.0,25.905,0.0,0.0,0.037%,0.0114210833198073,998.14,1010.2584364191472,WAVESUSDT,15.0,real
1649574000000,tp_short,-1,6649609.0,2.464e-05,0.0,0.0,0.364%,0.0596523227961897,1003.78,1004.4853383141192,SHIBUSDT,10.0,real
1649574000000,tp_long,-1,58.9,2.82,0.0,0.0,1.548%,0.2531243775455962,1003.04,1002.1686796860148,ANCUSDT,60.0,real
1649574000000,tp_short,-1,24.1,6.744,0.0,0.0,0.604%,0.0987726145653878,1001.3,1001.9137261145172,ALICEUSDT,20.0,real
1649574000000,long,0,158.0,1.0389,158.0,1.0389,0.000%,0.0,838.04,1002.8703188172,ADAUSDT,20.0,real
1649574600000,long,0,44.0,3.614,44.0,3.614,0.000%,0.0,843.28,991.9458102125,CELOUSDT,10.0,real
1649574600000,long,0,9.0,16.689,9.0,16.689,0.000%,0.0,859.38,1007.2960971162,NEARUSDT,10.0,real
1649574000000,long,0,9.0,16.662,9.0,16.662,0.000%,0.0,858.4,1003.7089913833,NEARUSDT,15.0,real
1649574000000,long,0,1.0,83.38,1.0,83.38,0.000%,0.0,919.12,1002.9317967888,AVAXUSDT,20.0,real
1649575200000,long,0,1.0,83.4,1.0,83.4,0.000%,0.0,915.15,999.6118663621,AVAXUSDT,5.0,real
1649574300000,long,0,157.0,1.0381,157.0,1.0381,0.000%,0.0,836.8,1000.3977219366,ADAUSDT,25.0,real
1649574900000,long,0,158.0,1.0379,158.0,1.0379,0.000%,0.0,836.51,1001.2595667395,ADAUSDT,15.0,real
1649574300000,long,0,1.0,83.35,1.0,83.35,0.000%,0.0,917.57,1001.2583609978,AVAXUSDT,25.0,real
1649575800000,long,0,6.0,25.617,6.0,25.617,0.000%,0.0,844.37,1010.1969556191,WAVESUSDT,15.0,real
1649570400000,tp_short,-1,0.05,3236.49,0.0,0.0,1.013%,0.1656614306387146,1001.52,1001.591113576402,ETHUSDT,120.0,real
1649575800000,long,0,1.0,83.3,1.0,83.3,0.000%,0.0,917.97,1002.0078377789,AVAXUSDT,10.0,real
1649575800000,long,0,1.0,83.29,1.0,83.29,0.000%,0.0,916.72,1000.3948474843,AVAXUSDT,15.0,real
1649574000000,long,1,11.0,16.539,20.0,16.61325,0.000%,0.0,690.66,1013.2015129437,NEARUSDT,60.0,real
1649575800000,long,0,3.0,50.92,3.0,50.92,0.000%,0.0,845.7,999.9117986827,AXSUSDT,10.0,real
1649576400000,long,1,10.0,16.583,19.0,16.633210526315786,0.000%,0.0,693.48,1007.2297651162,NEARUSDT,10.0,real
1649576400000,long,2,12.0,16.583,31.0,16.675548387096775,0.000%,0.0,488.46,1004.8942300455,NEARUSDT,20.0,real
1649576400000,tp_long,-1,44.0,3.629,0.0,0.0,0.415%,0.0658488111296468,1002.89,992.5989947355752,CELOUSDT,10.0,real
1649576400000,tp_long,-1,3.0,51.2,0.0,0.0,0.550%,0.0841295595216637,999.23,1000.7530200745368,AXSUSDT,10.0,real
1649576700000,tp_long,-1,1.0,83.54,0.0,0.0,0.168%,0.0140203294777427,998.65,999.7520152392628,AVAXUSDT,5.0,real
1649577000000,short,0,44.0,3.645,-44.0,3.645,0.000%,0.0,842.44,992.5348427356,CELOUSDT,10.0,real
1649574000000,tp_short,-1,214.4,0.7615,0.0,0.0,0.301%,0.0493155152099258,1000.35,1000.4276193607168,XRPUSDT,60.0,real
1649577300000,long,0,1.0,83.29,1.0,83.29,0.000%,0.0,915.32,999.7186992393,AVAXUSDT,5.0,real
1649577600000,long,0,3.0,50.95,3.0,50.95,0.000%,0.0,846.31,1000.6918800745,AXSUSDT,10.0,real
1649577600000,long,0,6699192.0,2.456e-05,6699192.0,2.456e-05,0.000%,0.0,839.18,1004.419525451892,SHIBUSDT,10.0,real
1649577600000,long,0,6702930.0,2.455e-05,6702930.0,2.455e-05,0.000%,0.0,840.1,1004.5708281119,SHIBUSDT,15.0,real
1649577600000,long,0,105.0,1.5598,105.0,1.5598,0.000%,0.0,836.82,1000.7503816105,C98USDT,60.0,real
1649577600000,long,0,2854.0,0.05749,2854.0,0.05749,0.000%,0.0,838.92,1001.9373863728,PEOPLEUSDT,60.0,real
1649577600000,tp_short,-1,44.0,3.633,0.0,0.0,0.329%,0.0526515227059692,1003.28,993.0574274436876,CELOUSDT,10.0,real
1649577600000,tp_short,-1,28.0,25.396,0.0,0.0,2.021%,1.4487369984751666,1026.57,1016.5799099699464,WAVESUSDT,60.0,real
1649577300000,long,2,12.0,16.496,31.0,16.648612903225807,0.000%,0.0,491.31,1004.1534597307,NEARUSDT,25.0,real
1649577600000,long,1,7.0,25.364,13.0,25.48076923076923,0.000%,0.0,666.75,1010.1259364191,WAVESUSDT,15.0,real
1649577600000,long,0,24.4,6.706,24.4,6.706,0.000%,0.0,837.6,1001.8482755545,ALICEUSDT,20.0,real
1649577600000,long,1,10.0,16.494,19.0,16.57357894736842,0.000%,0.0,693.39,1003.6430153833,NEARUSDT,15.0,real
1649577600000,long,0,1505.0,0.1091,1505.0,0.1091,0.000%,0.0,838.54,1002.9718573173,TLMUSDT,60.0,real
1649577900000,tp_long,-1,1.0,83.32,0.0,0.0,0.036%,0.0030041758043667,998.6,999.7487325465744,AVAXUSDT,5.0,real
1649578200000,short,0,1.0,83.57,-1.0,83.57,0.000%,0.0,914.99,999.7153045466,AVAXUSDT,5.0,real
1649578800000,tp_short,-1,1.0,83.3,0.0,0.0,0.323%,0.0270389360679374,998.79,999.9856169286578,AVAXUSDT,5.0,real
1649578800000,long,0,45.0,3.611,45.0,3.611,0.000%,0.0,840.72,992.9924294437,CELOUSDT,10.0,real
1649578800000,tp_long,-1,6699192.0,2.461e-05,0.0,0.0,0.204%,0.0333720776577098,1003.98,1004.7547211159427,SHIBUSDT,10.0,real
1649578800000,tp_long,-1,24.4,6.746,0.0,0.0,0.596%,0.0974804499761493,1002.13,1002.8248817615888,ALICEUSDT,20.0,real
1649579400000,tp_long,-1,19.0,16.7,0.0,0.0,0.402%,0.125704425241562,1010.65,1008.4958975033012,NEARUSDT,10.0,real
1649579400000,tp_long,-1,3.0,51.18,0.0,0.0,0.451%,0.06905800872733,999.78,1001.3829379603756,AXSUSDT,10.0,real
1649579400000,tp_long,-1,158.0,1.0396,0.0,0.0,0.164%,0.0268466250114198,1000.7,1001.5283711407736,ADAUSDT,15.0,real
1649579400000,short,0,1.0,83.62,-1.0,83.62,0.000%,0.0,915.13,999.9521689287,AVAXUSDT,5.0,real
1649579400000,tp_long,-1,6702930.0,2.465e-05,0.0,0.0,0.407%,0.0667185960683329,1005.26,1005.2410636649282,SHIBUSDT,15.0,real
1649580000000,long,0,3.0,50.95,3.0,50.95,0.000%,0.0,846.86,1001.3217979604,AXSUSDT,10.0,real
1649580000000,tp_short,-1,1.0,83.31,0.0,0.0,0.371%,0.0310387984981228,999.02,1000.2625420674914,AVAXUSDT,5.0,real
1649580000000,long,0,24.4,6.707,24.4,6.707,0.000%,0.0,838.41,1002.7594214416,ALICEUSDT,20.0,real
1649580300000,long,2,8.0,25.021,21.0,25.23333333333333,0.000%,0.0,466.5,1010.0458692191,WAVESUSDT,15.0,real
1649580300000,long,0,6698777.0,2.458e-05,6698777.0,2.458e-05,0.000%,0.0,840.53,1005.175201289436,SHIBUSDT,15.0,real
1649580000000,long,0,6709184.0,2.453e-05,6709184.0,2.453e-05,0.000%,0.0,839.33,1004.688890602492,SHIBUSDT,10.0,real
1649580300000,long,0,158.0,1.0356,158.0,1.0356,0.000%,0.0,837.0,1001.4629212208,ADAUSDT,15.0,real
1649580600000,tp_long,-1,45.0,3.635,0.0,0.0,0.665%,0.1076538927348555,1004.22,994.0614244485586,CELOUSDT,10.0,real
1649580600000,tp_long,-1,6709184.0,2.461e-05,0.0,0.0,0.326%,0.053464624020286,1004.37,1005.2260437404344,SHIBUSDT,10.0,real
1649580000000,tp_long,-1,158.0,1.0405,0.0,0.0,0.154%,0.025224853425442,1002.37,1003.1232913851688,ADAUSDT,20.0,real
1649581200000,tp_long,-1,6698777.0,2.468e-05,0.0,0.0,0.407%,0.0666421678055924,1005.78,1005.8450718337834,SHIBUSDT,15.0,real
1649581200000,short,0,6668833.0,2.469e-05,-6668833.0,2.469e-05,0.000%,0.0,839.65,1005.160182345692,SHIBUSDT,10.0,real
1649581200000,tp_long,-1,158.0,1.0392,0.0,0.0,0.348%,0.0568444835666647,1001.12,1002.0321976464796,ADAUSDT,15.0,real
1649581200000,long,0,24.5,6.674,24.5,6.674,0.000%,0.0,836.25,999.918608146,ALICEUSDT,60.0,real
1649581500000,long,0,1.0,83.07,1.0,83.07,0.000%,0.0,915.91,1000.2293140675,AVAXUSDT,5.0,real
1649581200000,long,0,45.0,3.614,45.0,3.614,0.000%,0.0,841.52,993.9963724486,CELOUSDT,10.0,real
1649581200000,long,0,59.1,2.776,59.1,2.776,0.000%,0.0,838.91,1002.103055046,ANCUSDT,60.0,real
1649581200000,long,0,216.3,0.7573,216.3,0.7573,0.000%,0.0,836.48,1000.3620977647,XRPUSDT,60.0,real
1649581200000,long,1,1.0,93.403,2.0,93.998,0.000%,0.0,815.88,1003.3876227408,LUNAUSDT,60.0,real
1649582100000,long,0,6708260.0,2.456e-05,6708260.0,2.456e-05,0.000%,0.0,840.95,1005.77916988756,SHIBUSDT,15.0,real
1649581200000,long,0,1.0,110.16,1.0,110.16,0.000%,0.0,894.01,1004.3871820164,SOLUSDT,60.0,real
1649582100000,long,0,158.0,1.0357,158.0,1.0357,0.000%,0.0,837.41,1001.9667414065,ADAUSDT,15.0,real
1649581200000,long,0,158.0,1.0355,158.0,1.0355,0.000%,0.0,838.69,1003.0578477852,ADAUSDT,20.0,real
1649581200000,long,1,27.1,6.648,51.5,6.675953398058253,0.000%,0.0,658.17,1002.6873571216,ALICEUSDT,20.0,real
1649581800000,long,1,49.0,3.582,94.0,3.5973191489361707,0.000%,0.0,665.93,993.9261652486,CELOUSDT,10.0,real
1649581800000,long,0,9.0,16.575,9.0,16.575,0.000%,0.0,861.41,1008.4362275033,NEARUSDT,10.0,real
1649581200000,long,0,6.0,24.785,6.0,24.785,0.000%,0.0,877.8,1016.5204259699,WAVESUSDT,60.0,real
1649582400000,tp_short,-1,6668833.0,2.461e-05,0.0,0.0,0.324%,0.0531220539436577,1004.77,1005.694144079986,SHIBUSDT,10.0,real
1649582100000,long,3,8.0,24.727,29.0,24.93989655172414,0.000%,0.0,268.6,1009.9667428191,WAVESUSDT,15.0,real
1649581200000,long,0,3.0,50.61,3.0,50.61,0.000%,0.0,852.21,1004.2847170637,AXSUSDT,60.0,real
1649583000000,long,0,6720937.0,2.451e-05,6720937.0,2.451e-05,0.000%,0.0,839.97,1005.628252013652,SHIBUSDT,10.0,real
1649583000000,tp_long,-1,6708260.0,2.458e-05,0.0,0.0,0.081%,0.0133404147269344,1005.77,1005.9133450001002,SHIBUSDT,15.0,real
1649583000000,tp_long,-1,1.0,83.18,0.0,0.0,0.132%,0.0110112314560865,999.05,1000.3394516323636,AVAXUSDT,5.0,real
1649583300000,long,0,1.0,82.92,1.0,82.92,0.000%,0.0,916.09,1000.3062836324,AVAXUSDT,5.0,real
1649583600000,long,1,2.0,82.92,3.0,83.07333333333334,0.000%,0.0,753.21,1002.8654607888,AVAXUSDT,20.0,real
1649583600000,tp_long,-1,3.0,50.93,0.0,0.0,-0.039%,-0.0060017405047473145,999.58,1001.2617012244689,AXSUSDT,10,real
